[
    {
        "title": "Shops",
        "badge": "Shops",
        "body": "The body of the card for Shops.",
        "linkCreate": "/shops/create",
        "linkTextCreate": "Shops",
        "linkView": "/shops",
        "linkTextView": "Shops"
    },
    {
        "title": "Tenants",
        "badge": "Tenants",
        "body": "The body of the card for Tenants.",
        "linkCreate": "/tenants/create",
        "linkTextCreate": "Tenants",
        "linkView": "/tenants",
        "linkTextView": "Tenants"
    },
    {
        "title": "Allocate Property",
        "badge": "Agreements",
        "body": "The body of the card for Allocate Property.",
        "linkCreate": "/shops/create",
        "linkTextCreate": "Allocate Shops",
        "linkView": "/shops",
        "linkTextView": "View Agreements"
    },
    {
        "title": "Another Card",
        "badge": "Another Badge",
        "body": "The body of another card.",
        "linkCreate": "/another/create",
        "linkTextCreate": "Another Create",
        "linkView": "/another",
        "linkTextView": "Another View"
    }
  ]
  